{
	"format_version": "1.8.0",
	"animations": {
		"idle": {
			"loop": true,
			"animation_length": 10,
			"bones": {
				"l_hand": {
					"rotation": {
						"0.0": {
							"vector": [-35, 0, 0]
						},
						"0.7083": {
							"vector": [-40.23163, -6.13784, 4.31837]
						},
						"0.9167": {
							"vector": [-40.23163, -6.13784, 4.31837]
						},
						"1.5": {
							"vector": [-37.73163, -6.13784, 4.31837]
						},
						"1.6667": {
							"vector": [-37.73163, -6.13784, 4.31837]
						},
						"2.25": {
							"vector": [-35, 0, 0]
						},
						"3.1667": {
							"vector": [-35, 0, 0]
						},
						"3.5": {
							"vector": [-40, 0, 0]
						},
						"3.7083": {
							"vector": [-34.89743, -2.86544, -4.09918]
						},
						"4.0": {
							"vector": [-35, 0, 0]
						},
						"4.875": {
							"vector": [-35, 0, 0]
						},
						"5.8333": {
							"vector": [-42.5, 0, 0]
						},
						"6.875": {
							"vector": [-35, 0, 0]
						},
						"7.75": {
							"vector": [-37.5, 0, 0]
						},
						"8.2083": {
							"vector": [-37.5, 0, 0]
						},
						"9.0": {
							"vector": [-30.60816, 3.95833, -8.09587]
						},
						"9.9167": {
							"vector": [-35, 0, 0]
						}
					}
				},
				"l_leg": {
					"rotation": {
						"0.0": {
							"vector": [-22.5, 0, 0]
						},
						"0.75": {
							"vector": [-22.5193, -2.30959, 0.95723]
						},
						"2.2083": {
							"vector": [-22.57734, 4.61854, -1.91757]
						},
						"4.0417": {
							"vector": [-22.5, 0, 0]
						}
					}
				},
				"l_foot": {
					"rotation": {
						"vector": [22.5, 0, 0]
					}
				},
				"r_hand": {
					"rotation": {
						"0.0": {
							"vector": [-35, 0, 0]
						},
						"0.875": {
							"vector": [-35, 0, 0]
						},
						"1.7083": {
							"vector": [-36.28567, -14.26008, 10.25103]
						},
						"2.75": {
							"vector": [-36.28567, -14.26008, 10.25103]
						},
						"4.125": {
							"vector": [-40, 0, 0]
						},
						"5.5417": {
							"vector": [-45, 0, 0]
						},
						"6.9583": {
							"vector": [-35, 0, 0]
						},
						"8.25": {
							"vector": [-38.34679, 11.39884, -5.73607]
						},
						"9.3333": {
							"vector": [-25.99891, -12.31236, 12.7765]
						},
						"9.9167": {
							"vector": [-35, 0, 0]
						}
					}
				},
				"r_arm": {
					"rotation": {
						"0.0": {
							"vector": [0, 0, 0]
						},
						"0.875": {
							"vector": [-15, 0, 0]
						},
						"1.7083": {
							"vector": [-42.5, 0, 0]
						},
						"2.75": {
							"vector": [-42.5, 0, 0]
						},
						"4.125": {
							"vector": [-15, 0, 0]
						}
					}
				},
				"r_leg": {
					"rotation": {
						"vector": [25, 0, 0]
					}
				},
				"r_foot": {
					"rotation": {
						"vector": [7.38733, -1.29876, 9.91615]
					}
				},
				"up": {
					"rotation": {
						"0.0": {
							"vector": [27.5, 0, 0]
						},
						"2.4583": {
							"vector": [27.5, 0, 0]
						},
						"4.5833": {
							"vector": [19.8423, -2.55868, 7.05239]
						},
						"6.0": {
							"vector": [27.5, 0, 0]
						},
						"6.9167": {
							"vector": [27.5, 0, 0]
						},
						"7.6667": {
							"vector": [27.5, 0, 0]
						},
						"8.375": {
							"vector": [20, 0, 0]
						},
						"8.8333": {
							"vector": [20, 0, 0]
						},
						"9.5833": {
							"vector": [27.5, 0, 0]
						}
					}
				},
				"down": {
					"rotation": {
						"vector": [10, 0, 0]
					}
				},
				"head": {
					"rotation": {
						"0.0": {
							"vector": [35, 0, 0]
						},
						"1.4583": {
							"vector": [35, 0, 0]
						},
						"2.7917": {
							"vector": [15.22074, -9.65594, -2.61298]
						},
						"3.8333": {
							"vector": [15.22074, -9.65594, -2.61298]
						},
						"4.5833": {
							"vector": [12.07, 7.31, 2.35]
						},
						"4.7083": {
							"vector": [4.05062, 1.96342, 1.41237]
						},
						"4.8333": {
							"vector": [11.14, 12.3, 3.81]
						},
						"5.5417": {
							"vector": [7.62528, 31.26463, 9.36302]
						},
						"5.8333": {
							"vector": [7.62528, 31.26463, 9.36302]
						},
						"6.9167": {
							"vector": [35, 0, 0]
						}
					}
				},
				"model": {
					"position": {
						"vector": [0, -1, 0]
					}
				}
			}
		},
		"walk": {
			"loop": true,
			"animation_length": 1.4167,
			"bones": {
				"l_hand": {
					"rotation": {
						"0.0": {
							"vector": [-102.5, 0, 0]
						},
						"0.2083": {
							"vector": [-102.5, 0, 0]
						},
						"0.5": {
							"vector": [-117.5, 0, 0]
						},
						"0.6667": {
							"vector": [-117.5, 0, 0]
						},
						"1.125": {
							"vector": [-115, 0, 0]
						},
						"1.375": {
							"vector": [-102.5, 0, 0]
						}
					}
				},
				"l_leg": {
					"rotation": {
						"0.2083": {
							"vector": [-22.5, 0, 0]
						},
						"0.5417": {
							"vector": [15, 0, 0]
						},
						"0.75": {
							"vector": [15, 0, 0]
						},
						"1.1667": {
							"vector": [-22.5, 0, 0]
						}
					}
				},
				"l_foot": {
					"rotation": {
						"0.2083": {
							"vector": [22.5, 0, 0]
						},
						"0.5417": {
							"vector": [10, 0, 0]
						},
						"0.75": {
							"vector": [10, 0, 0]
						},
						"1.1667": {
							"vector": [22.5, 0, 0]
						}
					}
				},
				"r_hand": {
					"rotation": {
						"0.0": {
							"vector": [-37.5, 0, 0]
						},
						"0.2917": {
							"vector": [2.5, 0, 0]
						},
						"0.4167": {
							"vector": [2.5, 0, 0]
						},
						"0.9167": {
							"vector": [-73.5, 0, 0]
						},
						"1.0417": {
							"vector": [-73.5, 0, 0]
						},
						"1.3333": {
							"vector": [-37.5, 0, 0]
						}
					}
				},
				"r_arm": {
					"rotation": {
						"vector": [-27.5, 0, 0]
					}
				},
				"r_leg": {
					"rotation": {
						"0.0": {
							"vector": [25, 0, 0]
						},
						"0.25": {
							"vector": [-6.93479, 1.47963, 20.90812]
						},
						"0.5417": {
							"vector": [-24.81197, 3.1622, 6.80423]
						},
						"0.7083": {
							"vector": [-24.81197, 3.1622, 6.80423]
						},
						"1.0": {
							"vector": [2.38763, 0.68428, 23.12907]
						},
						"1.25": {
							"vector": [25, 0, 0]
						}
					}
				},
				"r_foot": {
					"rotation": {
						"0.0": {
							"vector": [7.38733, -1.29876, 9.91615]
						},
						"1.0": {
							"vector": [7.38733, -1.29876, 9.91615]
						}
					}
				},
				"up": {
					"rotation": {
						"0.0": {
							"vector": [27.5, 0, 0]
						},
						"0.25": {
							"vector": [17.5, 0, 0]
						},
						"0.625": {
							"vector": [30, 0, 0]
						},
						"1.0": {
							"vector": [32.5, 0, 0]
						},
						"1.2917": {
							"vector": [27.5, 0, 0]
						}
					}
				},
				"down": {
					"rotation": {
						"0.0": {
							"vector": [-2.5, 0, 0]
						},
						"0.625": {
							"vector": [-2.46207, -0.43399, -9.99067]
						},
						"1.375": {
							"vector": [-2.5, 0, 0]
						}
					}
				},
				"head": {
					"rotation": {
						"0.0": {
							"vector": [-17.5, 0, 0]
						},
						"0.4583": {
							"vector": [-30, 0, 0]
						},
						"0.9583": {
							"vector": [-15.68, 0, 0]
						},
						"1.375": {
							"vector": [-17.5, 0, 0]
						}
					}
				},
				"model": {
					"position": {
						"0.0": {
							"vector": [0, -1, 0]
						},
						"1.0": {
							"vector": [0, -1, 0]
						}
					}
				}
			}
		},
		"Attack": {
			"animation_length": 1.0833,
			"bones": {
				"l_hand": {
					"rotation": {
						"0.0": {
							"vector": [-35, 0, 0]
						},
						"0.375": {
							"vector": [15.9473, -20.43663, -32.15172]
						},
						"0.5": {
							"vector": [-52.23619, -31.44614, -45.94136]
						},
						"0.625": {
							"vector": [-106.60374, -7.93823, -31.94471]
						},
						"1.0417": {
							"vector": [-35, 0, 0]
						}
					}
				},
				"r_hand": {
					"rotation": {
						"0.0": {
							"vector": [-25, 0, 0]
						},
						"0.2083": {
							"vector": [-80, 0, 0]
						},
						"0.375": {
							"vector": [-47.5, 0, 0]
						},
						"0.625": {
							"vector": [40, 0, 0]
						},