{
	"format_version": "1.8.0",
	"animations": {
		"idle": {
			"loop": true,
			"animation_length": 11.0417,
			"bones": {
				"base": {
					"rotation": {
						"0.0": {
							"vector": [0, 0, 0]
						},
						"0.7917": {
							"vector": [0, 0, 54]
						},
						"1.4167": {
							"vector": [0, 0, 54]
						},
						"3.1667": {
							"vector": [22.5, 0, -53.5]
						},
						"3.7917": {
							"vector": [22.5, 0, -53.5]
						},
						"4.5": {
							"vector": [0, 0, 0]
						},
						"6.2917": {
							"vector": [0, 0, 0]
						},
						"6.9167": {
							"vector": [0, -5, 0]
						},
						"7.6667": {
							"vector": [0, 0, 0]
						},
						"8.125": {
							"vector": [0, 0, 0]
						},
						"11.0": {
							"vector": [0, 0, 0]
						}
					},
					"position": {
						"0.0": {
							"vector": [0, 0, 0]
						},
						"0.7917": {
							"vector": [-1.1, 1.4, 0]
						},
						"1.4167": {
							"vector": [-1.1, 1.4, 0]
						},
						"3.1667": {
							"vector": [1.3, 3.3, 0]
						},
						"3.7917": {
							"vector": [1.3, 3.3, 0]
						},
						"4.5": {
							"vector": [0, 0, 0]
						},
						"6.2917": {
							"vector": [0, 0, 0]
						},
						"6.9167": {
							"vector": [-0.5, 0, 0]
						},
						"7.6667": {
							"vector": [0, 0, 0]
						},
						"8.125": {
							"vector": [0, 0, 0]
						},
						"11.0": {
							"vector": [0, 0, 0]
						}
					},
					"scale": {
						"vector": [1, 1, 1]
					}
				},
				"Right": {
					"rotation": {
						"0.0": {
							"vector": [-87.5, 0, 0]
						},
						"0.7917": {
							"vector": [-88.56545, -2.04767, 54.97436]
						},
						"1.4167": {
							"vector": [-88.56545, -2.04767, 54.97436]
						},
						"3.1667": {
							"vector": [-68.56545, 2.04767, -54.97436]
						},
						"3.7917": {
							"vector": [-68.56545, 2.04767, -54.97436]
						},
						"4.5": {
							"vector": [-87.5, 0, 0]
						},
						"6.2917": {
							"vector": [-87.5, 0, 0]
						},
						"6.9167": {
							"vector": [-87.49657, -2.99714, -0.13098]
						},
						"7.6667": {
							"vector": [-87.5, 0, 0]
						},
						"8.125": {
							"vector": [-87.5, 0, 0]
						},
						"11.0": {
							"vector": [-87.5, 0, 0]
						}
					},
					"position": {
						"0.0": {
							"vector": [2.5, 1.6, -20.8]
						},
						"0.7917": {
							"vector": [3.1, 1.82, -20.8]
						},
						"1.4167": {
							"vector": [3.1, 1.82, -20.8]
						},
						"2.1667": {
							"vector": [2.57, 2.71, -21.1]
						},
						"3.1667": {
							"vector": [4.9, 2.5, -20.8]
						},
						"3.7917": {
							"vector": [4.9, 2.5, -20.8]
						},
						"4.5": {
							"vector": [2.5, 1.6, -20.8]
						},
						"6.2917": {
							"vector": [2.5, 1.6, -20.8]
						},
						"8.125": {
							"vector": [2.5, 1.6, -20.8]
						},
						"11.0": {
							"vector": [2.5, 1.6, -20.8]
						}
					},
					"scale": {
						"vector": [1, 1, 1]
					}
				},
				"Left": {
					"position": {
						"vector": [0, 0, -27]
					}
				}
			}
		},
		"reload": {
			"animation_length": 2.8333,
			"bones": {
				"Bottle": {
					"rotation": {
						"0.5833": {
							"vector": [0, 0, 0]
						},
						"0.75": {
							"vector": [19.16667, 5, 0]
						},
						"1.0833": {
							"vector": [-40, 15, 0]
						},
						"1.4167": {
							"vector": [-40, 15, 0]
						},
						"1.625": {
							"vector": [-40, 15, 0]
						},
						"1.7083": {
							"vector": [0, 0, 0]
						}
					},
					"position": {
						"0.5833": {
							"vector": [0, 0, 0]
						},
						"0.75": {
							"vector": [-1, -0.11, -3.67]
						},
						"0.9583": {
							"vector": [0, -11, -3]
						},
						"1.0833": {
							"vector": [-0.9, -14.8, -5.1]
						},
						"1.4167": {
							"vector": [0, -0.4, 0]
						},
						"1.625": {
							"vector": [0, -0.4, 0]
						},
						"1.7083": {
							"vector": [0, 0, 0]
						}
					}
				},
				"base_b": {
					"rotation": {
						"0.5833": {
							"vector": [0, 0, 0]
						},
						"0.6667": {
							"vector": [0, 27.5, 0]
						},
						"2.375": {
							"vector": [0, 27.5, 0]
						},
						"2.4583": {
							"vector": [0, 0, 0]
						},
						"2.625": {
							"vector": [0, 0, 0]
						}
					},
					"position": {
						"0.625": {
							"vector": [0, 0, 0]
						},
						"2.375": {
							"vector": [0, 0, 0]
						},
						"2.4583": {
							"vector": [0, 0, 0]
						},
						"2.625": {
							"vector": [0, 0, 0]
						}
					},
					"scale": {
						"vector": [1, 1, 1]
					}
				},
				"base": {
					"rotation": {
						"0.0": {
							"vector": [0, 0, 0]
						},
						"0.2083": {
							"vector": [0, -15, 0]
						},
						"2.625": {
							"vector": [0, -15, 0]
						},
						"2.75": {
							"vector": [0, 0, 0]
						}
					},
					"position": {
						"0.0": {
							"vector": [0, 0, 0]
						},
						"0.2083": {
							"vector": [0, 0, 0]
						},
						"2.625": {
							"vector": [0, 0, 0]
						},
						"2.75": {
							"vector": [0, 0, 0]
						}
					}
				},
				"valve": {
					"rotation": {
						"0.6667": {
							"vector": [0, 0, 0]
						},
						"1.7917": {
							"vector": [180, 0, 0]
						}
					}
				},
				"lever": {
					"rotation": {
						"0.4583": {
							"vector": [0, 0, 0]
						},
						"0.625": {
							"vector": [-95, 0, 0]
						},
						"2.4167": {
							"vector": [-95, 0, 0]
						},
						"2.75": {
							"vector": [0, 0, 0]
						}
					}
				},
				"Right": {
					"rotation": {
						"0.0": {
							"vector": [-87.5, 0, 0]
						},
						"0.2083": {
							"vector": [-87.41193, -14.98539, -0.66963]
						},
						"2.625": {
							"vector": [-87.41193, -14.98539, -0.66963]
						},
						"2.75": {
							"vector": [-87.5, 0, 0]
						}
					},
					"position": {
						"0.0": {
							"vector": [2.5, 1.6, -20.8]
						},
						"0.2083": {
							"vector": [5.2, 1.6, -20.8]
						},
						"2.625": {
							"vector": [5.2, 1.6, -20.8]
						},
						"2.75": {
							"vector": [2.5, 1.6, -20.8]
						}
					}
				},
				"Left": {
					"rotation": {
						"0.0": {
							"vector": [0, 0, 0]
						},
						"0.0833": {
							"vector": [-75, 22.5, 0]
						},
						"0.4583": {
							"vector": [-71.33081, 41.66877, 6.80568]
						},
						"0.625": {
							"vector": [-73.12808, 34.52479, 3.89876]
						},
						"0.75": {
							"vector": [-73.12808, 34.52479, 3.89876]
						},
						"0.9167": {
							"vector": [-130.62808, 34.52479, 3.89876]
						},
						"1.0833": {
							"vector": [-130.62808, 34.52479, 3.89876]
						},
						"1.4167": {
							"vector": [-70.62808, 34.52479, 3.89876]
						},
						"1.625": {
							"vector": [-70.62808, 34.52479, 3.89876]
						},
						"1.7083": {
							"vector": [-70.62808, 34.52479, 3.89876]
						},
						"1.9167": {
							"vector": [-70.62808, 34.52479, 3.89876]
						},
						"2.1667": {
							"vector": [-73.96933, 8.26991, -5.00475]
						},
						"2.4167": {
							"vector": [-72.44508, 25.03593, 0.2539]
						},
						"2.5833": {
							"vector": [-72.44508, 25.03593, 0.2539]
						},
						"2.75": {
							"vector": [0, 0, 0]
						}
					},
					"position": {
						"0.0": {
							"vector": [0, 0, -27]
						},
						"0.0833": {
							"vector": [-9, -1, -27]
						},
						"0.4583": {
							"vector": [2.9, -0.6, -11.8]
						},
						"0.625": {
							"vector": [4.3, -0.6, -14.2]
						},
						"0.75": {
							"vector": [4.3, -0.6, -14.2]
						},
						"0.9167": {
							"vector": [4.3, 2.4, -21.2]
						},
						"1.0833": {
							"vector": [4.3, 2.4, -21.2]
						},
						"1.4167": {
							"vector": [1, 5.4, -17.2]
						},
						"1.625": {
							"vector": [1, 5.4, -17.2]
						},
						"1.7083": {
							"vector": [2.1, 5, -17.2]
						},
						"1.9167": {
							"vector": [2.1, 5, -17.2]
						},
						"2.1667": {
							"vector": [1, 2.3, -17.2]
						},
						"2.4167": {
							"vector": [3.8, 3, -17.2]
						},
						"2.5833": {
							"vector": [3.8, 3, -17.2]
						},